Composition,
Date Added,2022-04-27 19:57:39.285612
Formula,
Grain Size,90-1000 um
Locality,
Minimum Wavelength,350.0
Sample Name,Basalt
Maximum Wavelength,2500.0
Database of Origin,University of Winnipeg Spectrophotometer Facility
Other Information,
References,20.28. ISAR samples
Resolution,2@350-7@2500nm
Material Class,
Sample Description,Basalt
150W QTH; ~5mm spot
1000 and 1830 breaks removed
Absolute reflectance
Sample ID,09ET01-3_1
Original Sample ID,09ET01-3
Sample Type,None
Viewing Geometry,I30e0
Wavelength,Response
350.0,0.036042206
351.0,0.035269112
352.0,0.035120901
353.0,0.035195521
354.0,0.03566681
355.0,0.036517058
356.0,0.037589346
357.0,0.037196272
358.0,0.036316583
359.0,0.037212188
360.0,0.037797797
361.0,0.03753909
362.0,0.036629052
363.0,0.036765513
364.0,0.037283709
365.0,0.037724252
366.0,0.03798532
367.0,0.037802555
368.0,0.037615427
369.0,0.038115019
370.0,0.039020308
371.0,0.039828591
372.0,0.04019557
373.0,0.040288475
374.0,0.040187748
375.0,0.040138548
376.0,0.040604576
377.0,0.040869427
378.0,0.040895964
379.0,0.0409045
380.0,0.041164612
381.0,0.041693222
382.0,0.042288327
383.0,0.042231133
384.0,0.0424222
385.0,0.042794106
386.0,0.042406618
387.0,0.0428351
388.0,0.04350911
389.0,0.043475404
390.0,0.043843689
391.0,0.044253747
392.0,0.044406332
393.0,0.044383131
394.0,0.044448693
395.0,0.044708621
396.0,0.045150754
397.0,0.045188634
398.0,0.045241455
399.0,0.04579709
400.0,0.046046001
401.0,0.046108303
402.0,0.046160963
403.0,0.046325167
404.0,0.04656732
405.0,0.046860044
406.0,0.047175411
407.0,0.04735944
408.0,0.047538808
409.0,0.047857716
410.0,0.048088495
411.0,0.048278979
412.0,0.048453708
413.0,0.048522222
414.0,0.048619839
415.0,0.048808461
416.0,0.049101849
417.0,0.049371626
418.0,0.049544711
419.0,0.049622549
420.0,0.049960845
421.0,0.050241972
422.0,0.050309423
423.0,0.050522554
424.0,0.05069362
425.0,0.050853473
426.0,0.051229465
427.0,0.051378459
428.0,0.051412073
429.0,0.051590984
430.0,0.051816591
431.0,0.052000462
432.0,0.052120953
433.0,0.052359604
434.0,0.052500462
435.0,0.052549236
436.0,0.052767128
437.0,0.052929792
438.0,0.053049669
439.0,0.053214372
440.0,0.05329244
441.0,0.053354915
442.0,0.053466021
443.0,0.053561088
444.0,0.053681518
445.0,0.05383611
446.0,0.053997515
447.0,0.054030707
448.0,0.054001973
449.0,0.05408438
450.0,0.054224501
451.0,0.054364329
452.0,0.054461278
453.0,0.054581511
454.0,0.054706925
455.0,0.054804722
456.0,0.05478997
457.0,0.054920548
458.0,0.055148785
459.0,0.055208871
460.0,0.055291885
461.0,0.055418155
462.0,0.055556839
463.0,0.055643493
464.0,0.05572079
465.0,0.055836385
466.0,0.056037951
467.0,0.056201409
468.0,0.05630436
469.0,0.056429655
470.0,0.056572912
471.0,0.056720766
472.0,0.056851056
473.0,0.056944833
474.0,0.057055068
475.0,0.057220005
476.0,0.057376898
477.0,0.057567643
478.0,0.05777655
479.0,0.0578774
480.0,0.057966811
481.0,0.058093592
482.0,0.058282352
483.0,0.058421324
484.0,0.058566478
485.0,0.058787493
486.0,0.058989416
487.0,0.059088979
488.0,0.059119184
489.0,0.05937981
490.0,0.059620339
491.0,0.059782926
492.0,0.059974251
493.0,0.060108888
494.0,0.060253148
495.0,0.060508433
496.0,0.060763154
497.0,0.060981269
498.0,0.061160756
499.0,0.061354315
500.0,0.06159656
501.0,0.061862355
502.0,0.062035909
503.0,0.062216114
504.0,0.062422906
505.0,0.062636671
506.0,0.0628227
507.0,0.063007693
508.0,0.063225924
509.0,0.063449446
510.0,0.063644983
511.0,0.063820979
512.0,0.064089024
513.0,0.064296269
514.0,0.064434654
515.0,0.064640025
516.0,0.06484975
517.0,0.06504834
518.0,0.06523617
519.0,0.065408373
520.0,0.065586634
521.0,0.065784195
522.0,0.065961819
523.0,0.066139397
524.0,0.066323772
525.0,0.066496158
526.0,0.066669989
527.0,0.066846745
528.0,0.067022741
529.0,0.067195028
530.0,0.067372545
531.0,0.067560168
532.0,0.067712219
533.0,0.067871235
534.0,0.068056308
535.0,0.068192623
536.0,0.068329192
537.0,0.068484284
538.0,0.068633961
539.0,0.068789161
540.0,0.068950934
541.0,0.069119174
542.0,0.069259374
543.0,0.069380507
544.0,0.069503259
545.0,0.069677343
546.0,0.069838617
547.0,0.069955856
548.0,0.070071451
549.0,0.070196692
550.0,0.070330449
551.0,0.07046671
552.0,0.070616688
553.0,0.07075619
554.0,0.070852102
555.0,0.070960155
556.0,0.071099757
557.0,0.071266215
558.0,0.071383507
559.0,0.071506728
560.0,0.071656329
561.0,0.071787852
562.0,0.071893694
563.0,0.071993538
564.0,0.072127004
565.0,0.072246047
566.0,0.0723591
567.0,0.072486645
568.0,0.072606495
569.0,0.072709503
570.0,0.072801268
571.0,0.072929765
572.0,0.073051665
573.0,0.073151801
574.0,0.073253664
575.0,0.07334844
576.0,0.073435059
577.0,0.073515236
578.0,0.073586572
579.0,0.07367611
580.0,0.073801996
581.0,0.073896418
582.0,0.073966258
583.0,0.074023702
584.0,0.07407362
585.0,0.074143866
586.0,0.074227337
587.0,0.074272655
588.0,0.074330015
589.0,0.074403042
590.0,0.07447583
591.0,0.074527937
592.0,0.074581894
593.0,0.074657294
594.0,0.074720813
595.0,0.07478788
596.0,0.07485788
597.0,0.074884253
598.0,0.074924064
599.0,0.074980241
600.0,0.075013472
601.0,0.075061984
602.0,0.075111257
603.0,0.07512985
604.0,0.075137975
605.0,0.075151584
606.0,0.075180751
607.0,0.075217337
608.0,0.075240699
609.0,0.075244577
610.0,0.075241367
611.0,0.07526082
612.0,0.075287607
613.0,0.075272163
614.0,0.075277877
615.0,0.075291162
616.0,0.07528531
617.0,0.075301399
618.0,0.075307728
619.0,0.075285694
620.0,0.075267854
621.0,0.075276963
622.0,0.075312742
623.0,0.075347278
624.0,0.075377045
625.0,0.075402956
626.0,0.075434934
627.0,0.075497831
628.0,0.07558217
629.0,0.075663452
630.0,0.075684187
631.0,0.075699224
632.0,0.075732877
633.0,0.075728829
634.0,0.075738552
635.0,0.075772228
636.0,0.075804912
637.0,0.075847059
638.0,0.075887953
639.0,0.075910224
640.0,0.075903581
641.0,0.07588684
642.0,0.07588184
643.0,0.075905094
644.0,0.075932027
645.0,0.075954721
646.0,0.075995339
647.0,0.076008563
648.0,0.076005829
649.0,0.076029997
650.0,0.076048728
651.0,0.076059073
652.0,0.076066246
653.0,0.076081298
654.0,0.076108707
655.0,0.076140731
656.0,0.076130686
657.0,0.076119351
658.0,0.076129012
659.0,0.076169952
660.0,0.076176234
661.0,0.076167925
662.0,0.076199757
663.0,0.07621984
664.0,0.076235391
665.0,0.076259337
666.0,0.076287767
667.0,0.076304202
668.0,0.076309017
669.0,0.076329821
670.0,0.076354734
671.0,0.076379662
672.0,0.07640403
673.0,0.076418491
674.0,0.076437713
675.0,0.076476657
676.0,0.07650134
677.0,0.076521822
678.0,0.076546988
679.0,0.07657184
680.0,0.076583943
681.0,0.076583282
682.0,0.076583405
683.0,0.076595186
684.0,0.076600631
685.0,0.076571655
686.0,0.076544999
687.0,0.076523611
688.0,0.076504481
689.0,0.076498752
690.0,0.076501647
691.0,0.076505948
692.0,0.076497362
693.0,0.076506677
694.0,0.076522766
695.0,0.076503859
696.0,0.076495795
697.0,0.076491809
698.0,0.076477049
699.0,0.076484345
700.0,0.076488868
701.0,0.076479745
702.0,0.076493499
703.0,0.076487939
704.0,0.076468617
705.0,0.076484621
706.0,0.076485911
707.0,0.076478078
708.0,0.076482087
709.0,0.076473186
710.0,0.076457827
711.0,0.076448219
712.0,0.076458211
713.0,0.076466244
714.0,0.076467956
715.0,0.076490343
716.0,0.076489667
717.0,0.076470091
718.0,0.076459171
719.0,0.076462588
720.0,0.076460284
721.0,0.076437214
722.0,0.076427154
723.0,0.07642465
724.0,0.076420664
725.0,0.076401734
726.0,0.076378027
727.0,0.076353628
728.0,0.07632979
729.0,0.076313294
730.0,0.076305691
731.0,0.076302842
732.0,0.076277054
733.0,0.076258615
734.0,0.076259498
735.0,0.076238939
736.0,0.076222689
737.0,0.076211884
738.0,0.076188222
739.0,0.076159439
740.0,0.076127929
741.0,0.076097917
742.0,0.076072128
743.0,0.076041839
744.0,0.076005322
745.0,0.075978635
746.0,0.075955366
747.0,0.075924171
748.0,0.075866527
749.0,0.075833565
750.0,0.075814458
751.0,0.075782687
752.0,0.0757471
753.0,0.075720628
754.0,0.075703786
755.0,0.075662538
756.0,0.075621705
757.0,0.075589635
758.0,0.075556174
759.0,0.075517745
760.0,0.075477234
761.0,0.075440333
762.0,0.075404899
763.0,0.075373858
764.0,0.075347578
765.0,0.075328878
766.0,0.075290709
767.0,0.075238134
768.0,0.075215218
769.0,0.075192662
770.0,0.075161206
771.0,0.075119659
772.0,0.075083034
773.0,0.075044452
774.0,0.074998742
775.0,0.07495754
776.0,0.074905595
777.0,0.074847567
778.0,0.074817662
779.0,0.07477527
780.0,0.074725175
781.0,0.074686991
782.0,0.074651035
783.0,0.074620009
784.0,0.074593898
785.0,0.074562065
786.0,0.074524711
787.0,0.074485215
788.0,0.074450886
789.0,0.074413025
790.0,0.074375917
791.0,0.074349291
792.0,0.074327235
793.0,0.074295303
794.0,0.074251306
795.0,0.074225103
796.0,0.074200865
797.0,0.074161038
798.0,0.074085647
799.0,0.074053108
800.0,0.074033463
801.0,0.073978399
802.0,0.073936276
803.0,0.073893753
804.0,0.073844542
805.0,0.073798494
806.0,0.073759681
807.0,0.073727833
808.0,0.073696154
809.0,0.073644831
810.0,0.073583278
811.0,0.073528836
812.0,0.073488925
813.0,0.073457722
814.0,0.07342612
815.0,0.07338511
816.0,0.073351757
817.0,0.073315048
818.0,0.073257458
819.0,0.073220104
820.0,0.073183165
821.0,0.073130789
822.0,0.073087913
823.0,0.073041428
824.0,0.072994351
825.0,0.072964661
826.0,0.072934319
827.0,0.072889638
828.0,0.072823992
829.0,0.072760243
830.0,0.072708865
831.0,0.072670897
832.0,0.072634817
833.0,0.072577319
834.0,0.072510483
835.0,0.072467192
836.0,0.072411798
837.0,0.072355675
838.0,0.072311363
839.0,0.072268487
840.0,0.072218346
841.0,0.072167921
842.0,0.072144583
843.0,0.072093251
844.0,0.0720258
845.0,0.071969685
846.0,0.071898962
847.0,0.071841441
848.0,0.071809701
849.0,0.071783121
850.0,0.071727566
851.0,0.071658234
852.0,0.071615151
853.0,0.071554619
854.0,0.07148703
855.0,0.071427858
856.0,0.071379115
857.0,0.071320296
858.0,0.071253628
859.0,0.071204132
860.0,0.071152663
861.0,0.07108512
862.0,0.070999698
863.0,0.070928323
864.0,0.070882183
865.0,0.070849229
866.0,0.070785687
867.0,0.070705219
868.0,0.070632646
869.0,0.070589824
870.0,0.07052907
871.0,0.07044576
872.0,0.070356483
873.0,0.070320274
874.0,0.070246026
875.0,0.07014632
876.0,0.070085981
877.0,0.070036953
878.0,0.069978088
879.0,0.069898642
880.0,0.069810594
881.0,0.069751521
882.0,0.069702049
883.0,0.069598273
884.0,0.069518895
885.0,0.069454816
886.0,0.069380814
887.0,0.069282959
888.0,0.06919819
889.0,0.069130985
890.0,0.069049303
891.0,0.068960649
892.0,0.068874989
893.0,0.068797877
894.0,0.068705175
895.0,0.06862324
896.0,0.068552495
897.0,0.068455738
898.0,0.068367613
899.0,0.068284765
900.0,0.06819816
901.0,0.068135863
902.0,0.068042293
903.0,0.067919348
904.0,0.067857296
905.0,0.067746885
906.0,0.067610723
907.0,0.067510042
908.0,0.06742254
909.0,0.067355311
910.0,0.067287837
911.0,0.067148957
912.0,0.06707011
913.0,0.067010231
914.0,0.066885082
915.0,0.066792795
916.0,0.066712488
917.0,0.066612015
918.0,0.066449051
919.0,0.066364482
920.0,0.066312736
921.0,0.066197763
922.0,0.066076162
923.0,0.065974959
924.0,0.065895259
925.0,0.065803732
926.0,0.065708051
927.0,0.06562031
928.0,0.065544219
929.0,0.065422841
930.0,0.06530604
931.0,0.065209806
932.0,0.065091461
933.0,0.065022306
934.0,0.064950723
935.0,0.064809147
936.0,0.064653049
937.0,0.064547753
938.0,0.064488719
939.0,0.06439273
940.0,0.0642842
941.0,0.064153472
942.0,0.064010495
943.0,0.063968303
944.0,0.06391322
945.0,0.063808826
946.0,0.063693446
947.0,0.063592557
948.0,0.063511713
949.0,0.06343813
950.0,0.063321314
951.0,0.063215721
952.0,0.063127689
953.0,0.063038059
954.0,0.062926638
955.0,0.062825215
956.0,0.062752104
957.0,0.062696764
958.0,0.062571781
959.0,0.062445123
960.0,0.062418978
961.0,0.06233189
962.0,0.062232545
963.0,0.062155755
964.0,0.062096717
965.0,0.061992642
966.0,0.061870024
967.0,0.061774223
968.0,0.06171651
969.0,0.061637459
970.0,0.061524029
971.0,0.061410185
972.0,0.061363953
973.0,0.061298273
974.0,0.06117153
975.0,0.061138723
976.0,0.061020251
977.0,0.060857856
978.0,0.060784165
979.0,0.060726337
980.0,0.060675117
981.0,0.060622254
982.0,0.060554788
983.0,0.060476481
984.0,0.060417563
985.0,0.060389036
986.0,0.060292798
987.0,0.060204642
988.0,0.060156782
989.0,0.060134354
990.0,0.060038461
991.0,0.059912928
992.0,0.059815396
993.0,0.059794308
994.0,0.059723013
995.0,0.05962553
996.0,0.059565667
997.0,0.059502148
998.0,0.059469755
999.0,0.059440564
1000.0,0.059351541
1001.0,0.059351541
1002.0,0.059353758
1003.0,0.05932261
1004.0,0.059275307
1005.0,0.05931614
1006.0,0.059277829
1007.0,0.059115864
1008.0,0.059139371
1009.0,0.059021443
1010.0,0.058707345
1011.0,0.058728021
1012.0,0.05867504
1013.0,0.058540367
1014.0,0.058541734
1015.0,0.058519367
1016.0,0.058535382
1017.0,0.058589701
1018.0,0.05862673
1019.0,0.058631133
1020.0,0.058520313
1021.0,0.058374111
1022.0,0.058376245
1023.0,0.058379918
1024.0,0.058345038
1025.0,0.058282852
1026.0,0.058255408
1027.0,0.058264948
1028.0,0.058311846
1029.0,0.058354586
1030.0,0.058326811
1031.0,0.058197141
1032.0,0.058112983
1033.0,0.058063801
1034.0,0.057968419
1035.0,0.05798775
1036.0,0.057999913
1037.0,0.057949711
1038.0,0.057994943
1039.0,0.058027152
1040.0,0.057985149
1041.0,0.05794343
1042.0,0.057934914
1043.0,0.058033992
1044.0,0.058107581
1045.0,0.058119595
1046.0,0.058136363
1047.0,0.058151461
1048.0,0.058109105
1049.0,0.058036968
1050.0,0.058006175
1051.0,0.057987388
1052.0,0.057951085
1053.0,0.057922687
1054.0,0.057981506
1055.0,0.058039349
1056.0,0.058073826
1057.0,0.058141019
1058.0,0.058139522
1059.0,0.05802232
1060.0,0.05806075
1061.0,0.058178391
1062.0,0.058208402
1063.0,0.058275063
1064.0,0.058366001
1065.0,0.058297727
1066.0,0.058210425
1067.0,0.058194216
1068.0,0.058194999
1069.0,0.058226857
1070.0,0.058267213
1071.0,0.058268107
1072.0,0.058267754
1073.0,0.058312021
1074.0,0.058356442
1075.0,0.058416184
1076.0,0.058581743
1077.0,0.058641065
1078.0,0.058612991
1079.0,0.0586293
1080.0,0.05863845
1081.0,0.058597233
1082.0,0.058655068
1083.0,0.058779787
1084.0,0.058823496
1085.0,0.058851585
1086.0,0.058847386
1087.0,0.05887527
1088.0,0.058890354
1089.0,0.05892244
1090.0,0.058933325
1091.0,0.058896579
1092.0,0.058909331
1093.0,0.058950812
1094.0,0.059000671
1095.0,0.059075095
1096.0,0.059163373
1097.0,0.05924768
1098.0,0.059259553
1099.0,0.059254434
1100.0,0.059275709
1101.0,0.059354804
1102.0,0.059453581
1103.0,0.059546206
1104.0,0.059733815
1105.0,0.059791435
1106.0,0.059749212
1107.0,0.059768748
1108.0,0.059737708
1109.0,0.059762646
1110.0,0.059869118
1111.0,0.059919875
1112.0,0.059927709
1113.0,0.059993997
1114.0,0.060112424
1115.0,0.060154486
1116.0,0.060210835
1117.0,0.060279544
1118.0,0.060340997
1119.0,0.060347673
1120.0,0.060411546
1121.0,0.060526658
1122.0,0.060618617
1123.0,0.060710993
1124.0,0.060779642
1125.0,0.060850091
1126.0,0.060911741
1127.0,0.060940735
1128.0,0.060992822
1129.0,0.061041985
1130.0,0.061107907
1131.0,0.061210338
1132.0,0.06127432
1133.0,0.061343212
1134.0,0.061421767
1135.0,0.061488751
1136.0,0.061548073
1137.0,0.061588746
1138.0,0.061628405
1139.0,0.061650638
1140.0,0.061605066
1141.0,0.061647009
1142.0,0.061736513
1143.0,0.061804146
1144.0,0.061929084
1145.0,0.062003486
1146.0,0.062022068
1147.0,0.062069144
1148.0,0.062127564
1149.0,0.062151354
1150.0,0.062218968
1151.0,0.062318843
1152.0,0.062382832
1153.0,0.062463656
1154.0,0.062499385
1155.0,0.062464502
1156.0,0.062512785
1157.0,0.062585704
1158.0,0.062647283
1159.0,0.062755823
1160.0,0.062833406
1161.0,0.062881559
1162.0,0.062933251
1163.0,0.062997989
1164.0,0.063043244
1165.0,0.063049994
1166.0,0.06308423
1167.0,0.063126028
1168.0,0.063165404
1169.0,0.063225135
1170.0,0.06332162
1171.0,0.063375846
1172.0,0.063433066
1173.0,0.063457437
1174.0,0.063413247
1175.0,0.063453741
1176.0,0.063518614
1177.0,0.063582711
1178.0,0.063732617
1179.0,0.063798003
1180.0,0.063782811
1181.0,0.063815877
1182.0,0.063836858
1183.0,0.063870355
1184.0,0.063916236
1185.0,0.0640136
1186.0,0.064057805
1187.0,0.064077474
1188.0,0.064118467
1189.0,0.064159468
1190.0,0.06419234
1191.0,0.064223424
1192.0,0.064267285
1193.0,0.064302973
1194.0,0.064348586
1195.0,0.064431429
1196.0,0.064476386
1197.0,0.0644871
1198.0,0.064523101
1199.0,0.064561717
1200.0,0.064595446
1201.0,0.064623646
1202.0,0.064675756
1203.0,0.064740233
1204.0,0.064788699
1205.0,0.064836256
1206.0,0.064894207
1207.0,0.064955778
1208.0,0.065022662
1209.0,0.065053284
1210.0,0.065078281
1211.0,0.065104589
1212.0,0.06507919
1213.0,0.06510172
1214.0,0.065179616
1215.0,0.065217793
1216.0,0.065233015
1217.0,0.065269209
1218.0,0.065293886
1219.0,0.065333053
1220.0,0.065381438
1221.0,0.065473944
1222.0,0.065525927
1223.0,0.065568991
1224.0,0.065613627
1225.0,0.065628372
1226.0,0.065664284
1227.0,0.065702513
1228.0,0.065752156
1229.0,0.06581936
1230.0,0.065864921
1231.0,0.065904096
1232.0,0.065946288
1233.0,0.065974571
1234.0,0.066012084
1235.0,0.066049285
1236.0,0.066103265
1237.0,0.066188641
1238.0,0.066239864
1239.0,0.06628301
1240.0,0.066319875
1241.0,0.066325016
1242.0,0.066336133
1243.0,0.066367403
1244.0,0.06646058
1245.0,0.066549689
1246.0,0.066599078
1247.0,0.066659249
1248.0,0.066701941
1249.0,0.06674356
1250.0,0.066771522
1251.0,0.066820845
1252.0,0.066877104
1253.0,0.06692826
1254.0,0.06700784
1255.0,0.067053415
1256.0,0.067072108
1257.0,0.067099035
1258.0,0.067110874
1259.0,0.067136385
1260.0,0.067163669
1261.0,0.067210518
1262.0,0.067239359
1263.0,0.067276575
1264.0,0.067330144
1265.0,0.06737525
1266.0,0.067393638
1267.0,0.067425288
1268.0,0.067498036
1269.0,0.067547597
1270.0,0.067615487
1271.0,0.067710914
1272.0,0.06776531
1273.0,0.067778073
1274.0,0.067797914
1275.0,0.067811176
1276.0,0.067827657
1277.0,0.067812048
1278.0,0.067839719
1279.0,0.06789653
1280.0,0.067942187
1281.0,0.068012066
1282.0,0.068074666
1283.0,0.068141475
1284.0,0.068180002
1285.0,0.068219855
1286.0,0.068258606
1287.0,0.068284765
1288.0,0.068339102
1289.0,0.0684155
1290.0,0.068448737
1291.0,0.068491988
1292.0,0.068546958
1293.0,0.068598464
1294.0,0.068680972
1295.0,0.068733856
1296.0,0.0687709
1297.0,0.068822086
1298.0,0.068872705
1299.0,0.068898998
1300.0,0.068918951
1301.0,0.068952709
1302.0,0.06895896
1303.0,0.068987355
1304.0,0.069046885
1305.0,0.069099121
1306.0,0.069141783
1307.0,0.069198921
1308.0,0.069271833
1309.0,0.069300048
1310.0,0.069343269
1311.0,0.069397047
1312.0,0.069435067
1313.0,0.069498897
1314.0,0.069541946
1315.0,0.069579393
1316.0,0.069655165
1317.0,0.069721453
1318.0,0.069797635
1319.0,0.069878273
1320.0,0.069943219
1321.0,0.070009083
1322.0,0.070061341
1323.0,0.070111036
1324.0,0.070148051
1325.0,0.070155032
1326.0,0.070186086
1327.0,0.070227861
1328.0,0.07027787
1329.0,0.070335723
1330.0,0.070393272
1331.0,0.070456095
1332.0,0.070517793
1333.0,0.070589826
1334.0,0.070652194
1335.0,0.07071881
1336.0,0.07078439
1337.0,0.070846803
1338.0,0.070921421
1339.0,0.070987619
1340.0,0.071069688
1341.0,0.071164183
1342.0,0.071236551
1343.0,0.071311355
1344.0,0.07137505
1345.0,0.071431324
1346.0,0.071492031
1347.0,0.071553633
1348.0,0.071637146
1349.0,0.071698979
1350.0,0.071738563
1351.0,0.071784243
1352.0,0.071821496
1353.0,0.071883872
1354.0,0.071959518
1355.0,0.072039977
1356.0,0.072141878
1357.0,0.07221327
1358.0,0.072268561
1359.0,0.072319858
1360.0,0.072395951
1361.0,0.072487153
1362.0,0.072569095
1363.0,0.072651908
1364.0,0.072714806
1365.0,0.07276246
1366.0,0.072810128
1367.0,0.072869815
1368.0,0.072930738
1369.0,0.072976045
1370.0,0.073031723
1371.0,0.073109463
1372.0,0.073173225
1373.0,0.0732342
1374.0,0.073326454
1375.0,0.073403552
1376.0,0.073480263
1377.0,0.073584504
1378.0,0.073692657
1379.0,0.073786512
1380.0,0.073850863
1381.0,0.073884964
1382.0,0.073943205
1383.0,0.073966756
1384.0,0.074039094
1385.0,0.074190862
1386.0,0.074265055
1387.0,0.07431531
1388.0,0.074357696
1389.0,0.074361183
1390.0,0.074370287
1391.0,0.074416265
1392.0,0.074482001
1393.0,0.074547648
1394.0,0.07458774
1395.0,0.07463567
1396.0,0.074684009
1397.0,0.074734278
1398.0,0.074816622
1399.0,0.074895017
1400.0,0.074973196
1401.0,0.075050555
1402.0,0.075104155
1403.0,0.075136922
1404.0,0.075174101
1405.0,0.075230978
1406.0,0.07531438
1407.0,0.075408481
1408.0,0.075486057
1409.0,0.075536542
1410.0,0.075570807
1411.0,0.075626746
1412.0,0.075703949
1413.0,0.075792566
1414.0,0.075885728
1415.0,0.075973004
1416.0,0.076061815
1417.0,0.076137058
1418.0,0.076205716
1419.0,0.076278262
1420.0,0.076339044
1421.0,0.076402567
1422.0,0.076469004
1423.0,0.076532431
1424.0,0.076589204
1425.0,0.07666447
1426.0,0.076727614
1427.0,0.076784469
1428.0,0.076847985
1429.0,0.076906927
1430.0,0.076975763
1431.0,0.077045523
1432.0,0.077107407
1433.0,0.077171765
1434.0,0.077239439
1435.0,0.077325039
1436.0,0.077422239
1437.0,0.077504635
1438.0,0.077580974
1439.0,0.077643491
1440.0,0.07767573
1441.0,0.077725455
1442.0,0.07780233
1443.0,0.077874817
1444.0,0.077950098
1445.0,0.07802704
1446.0,0.078111261
1447.0,0.078199476
1448.0,0.078278929
1449.0,0.078363717
1450.0,0.078406148
1451.0,0.078436784
1452.0,0.07851138
1453.0,0.078566641
1454.0,0.078632466
1455.0,0.07871601
1456.0,0.07878466
1457.0,0.078842275
1458.0,0.07890299
1459.0,0.078964218
1460.0,0.07901974
1461.0,0.079058416
1462.0,0.07911662
1463.0,0.079173371
1464.0,0.079241417
1465.0,0.079347268
1466.0,0.079421319
1467.0,0.079480037
1468.0,0.079561114
1469.0,0.079609409
1470.0,0.0796462
1471.0,0.079724237
1472.0,0.079783566
1473.0,0.07984186
1474.0,0.079893433
1475.0,0.079930827
1476.0,0.079984099
1477.0,0.080055162
1478.0,0.080131456
1479.0,0.080194265
1480.0,0.080243908
1481.0,0.080284014
1482.0,0.080333054
1483.0,0.080420479
1484.0,0.080497012
1485.0,0.08057297
1486.0,0.080664784
1487.0,0.080701955
1488.0,0.080756441
1489.0,0.080820642
1490.0,0.08085604
1491.0,0.080913797
1492.0,0.080942608
1493.0,0.080967851
1494.0,0.081015229
1495.0,0.081035256
1496.0,0.081070103
1497.0,0.081142105
1498.0,0.081202738
1499.0,0.081295408
1500.0,0.081414595
1501.0,0.081478111
1502.0,0.081513315
1503.0,0.081544951
1504.0,0.081562206
1505.0,0.081606209
1506.0,0.08170075
1507.0,0.081758849
1508.0,0.08179044
1509.0,0.081829436
1510.0,0.081837974
1511.0,0.081873298
1512.0,0.081930749
1513.0,0.081999138
1514.0,0.082091354
1515.0,0.082160957
1516.0,0.082224727
1517.0,0.082277127
1518.0,0.082319632
1519.0,0.082366049
1520.0,0.082410529
1521.0,0.082462482
1522.0,0.08250498
1523.0,0.082548343
1524.0,0.082605653
1525.0,0.08265461
1526.0,0.082691595
1527.0,0.082743607
1528.0,0.082807787
1529.0,0.082852222
1530.0,0.082891479
1531.0,0.082940914
1532.0,0.082979985
1533.0,0.083008468
1534.0,0.083042257
1535.0,0.083072118
1536.0,0.083123133
1537.0,0.083174527
1538.0,0.083239593
1539.0,0.08333084
1540.0,0.083368175
1541.0,0.083428517
1542.0,0.083508313
1543.0,0.083540902
1544.0,0.083584584
1545.0,0.083615467
1546.0,0.083624385
1547.0,0.083678856
1548.0,0.083747394
1549.0,0.083798096
1550.0,0.083860412
1551.0,0.083901308
1552.0,0.083925709
1553.0,0.083972514
1554.0,0.084005333
1555.0,0.084013097
1556.0,0.084045656
1557.0,0.0840718
1558.0,0.084090337
1559.0,0.084151119
1560.0,0.084192365
1561.0,0.084221259
1562.0,0.08427459
1563.0,0.084312707
1564.0,0.084333487
1565.0,0.084355786
1566.0,0.084402852
1567.0,0.084445529
1568.0,0.084436588
1569.0,0.08445625
1570.0,0.084502228
1571.0,0.084510744
1572.0,0.084555313
1573.0,0.084617712
1574.0,0.084629141
1575.0,0.084628448
1576.0,0.084672362
1577.0,0.084745616
1578.0,0.084776096
1579.0,0.084794536
1580.0,0.084827706
1581.0,0.084817462
1582.0,0.08483167
1583.0,0.084905833
1584.0,0.084960565
1585.0,0.084998086
1586.0,0.085018814
1587.0,0.084989384
1588.0,0.084948026
1589.0,0.084956318
1590.0,0.084984437
1591.0,0.085008338
1592.0,0.085047953
1593.0,0.085085936
1594.0,0.085104212
1595.0,0.085137188
1596.0,0.085172541
1597.0,0.085198045
1598.0,0.085258782
1599.0,0.085299976
1600.0,0.085326798
1601.0,0.085339174
1602.0,0.085283987
1603.0,0.085268594
1604.0,0.085284442
1605.0,0.085309327
1606.0,0.085381396
1607.0,0.085457243
1608.0,0.085486583
1609.0,0.085471362
1610.0,0.085487828
1611.0,0.085504398
1612.0,0.08549846
1613.0,0.085525729
1614.0,0.085545897
1615.0,0.085530803
1616.0,0.085537232
1617.0,0.085561506
1618.0,0.085525468
1619.0,0.085494101
1620.0,0.085496821
1621.0,0.085480787
1622.0,0.085504845
1623.0,0.085532211
1624.0,0.085536316
1625.0,0.085580491
1626.0,0.085662395
1627.0,0.085741147
1628.0,0.085811123
1629.0,0.08586897
1630.0,0.085840613
1631.0,0.085814528
1632.0,0.08581844
1633.0,0.085807808
1634.0,0.085826091
1635.0,0.0858294
1636.0,0.085835338
1637.0,0.085855052
1638.0,0.08587639
1639.0,0.085935064
1640.0,0.085964158
1641.0,0.085948259
1642.0,0.08598955
1643.0,0.08602991
1644.0,0.086008199
1645.0,0.086006708
1646.0,0.086009011
1647.0,0.085985884
1648.0,0.086024225
1649.0,0.086102992
1650.0,0.086133964
1651.0,0.086129971
1652.0,0.086117521
1653.0,0.086089857
1654.0,0.086059988
1655.0,0.08608865
1656.0,0.086144462
1657.0,0.086159475
1658.0,0.086172618
1659.0,0.086126201
1660.0,0.086038373
1661.0,0.086035736
1662.0,0.086065881
1663.0,0.086105138
1664.0,0.086182497
1665.0,0.086246237
1666.0,0.086290792
1667.0,0.086309791
1668.0,0.086269289
1669.0,0.086243756
1670.0,0.086236462
1671.0,0.086236663
1672.0,0.086329177
1673.0,0.086369604
1674.0,0.086312473
1675.0,0.086284533
1676.0,0.086227648
1677.0,0.086177208
1678.0,0.086183921
1679.0,0.086204216
1680.0,0.086244218
1681.0,0.086276107
1682.0,0.086335056
1683.0,0.086380497
1684.0,0.086431302
1685.0,0.086445734
1686.0,0.086435132
1687.0,0.086426765
1688.0,0.086364828
1689.0,0.086347729
1690.0,0.086379893
1691.0,0.086377062
1692.0,0.08637584
1693.0,0.086365595
1694.0,0.086306773
1695.0,0.08629252
1696.0,0.08629185
1697.0,0.086312518
1698.0,0.086404353
1699.0,0.086429544
1700.0,0.086414464
1701.0,0.086438872
1702.0,0.086439013
1703.0,0.086456835
1704.0,0.08654017
1705.0,0.086566247
1706.0,0.086577013
1707.0,0.086528227
1708.0,0.086383723
1709.0,0.08633858
1710.0,0.08626698
1711.0,0.086277954
1712.0,0.086439192
1713.0,0.08648739
1714.0,0.086527459
1715.0,0.086524889
1716.0,0.086402304
1717.0,0.086433075
1718.0,0.086543135
1719.0,0.086584464
1720.0,0.086701743
1721.0,0.08672452
1722.0,0.086615235
1723.0,0.086622551
1724.0,0.086677939
1725.0,0.086705633
1726.0,0.086762324
1727.0,0.08678399
1728.0,0.086790971
1729.0,0.086756207
1730.0,0.086692587
1731.0,0.086635001
1732.0,0.086511612
1733.0,0.086501099
1734.0,0.086571179
1735.0,0.086539499
1736.0,0.086489186
1737.0,0.086531065
1738.0,0.086542167
1739.0,0.086696349
1740.0,0.086834952
1741.0,0.086773433
1742.0,0.086776085
1743.0,0.086735971
1744.0,0.086743377
1745.0,0.086882539
1746.0,0.086909622
1747.0,0.086870022
1748.0,0.086853407
1749.0,0.086752161
1750.0,0.08671508
1751.0,0.086732887
1752.0,0.086748429
1753.0,0.086760908
1754.0,0.08681418
1755.0,0.08699771
1756.0,0.086997062
1757.0,0.086903974
1758.0,0.086834714
1759.0,0.086578853
1760.0,0.086514495
1761.0,0.08660388
1762.0,0.086634696
1763.0,0.086729623
1764.0,0.086769447
1765.0,0.086810984
1766.0,0.086773671
1767.0,0.08665213
1768.0,0.086583577
1769.0,0.086444974
1770.0,0.08641126
1771.0,0.08647991
1772.0,0.086497784
1773.0,0.086519152
1774.0,0.086546287
1775.0,0.086596772
1776.0,0.086568542
1777.0,0.086503685
1778.0,0.086490706
1779.0,0.086419396
1780.0,0.086440697
1781.0,0.086501539
1782.0,0.086463459
1783.0,0.086455278
1784.0,0.086523034
1785.0,0.086489297
1786.0,0.086444199
1787.0,0.086441264
1788.0,0.086310513
1789.0,0.086273037
1790.0,0.086393014
1791.0,0.086491488
1792.0,0.086652108
1793.0,0.086682238
1794.0,0.086530432
1795.0,0.086487658
1796.0,0.086451963
1797.0,0.086414613
1798.0,0.086418048
1799.0,0.086442865
1800.0,0.086502932
1801.0,0.086490296
1802.0,0.086450405
1803.0,0.086450964
1804.0,0.086399011
1805.0,0.086358123
1806.0,0.086371608
1807.0,0.086370021
1808.0,0.086327121
1809.0,0.08630389
1810.0,0.086355299
1811.0,0.086367629
1812.0,0.086281903
1813.0,0.086279444
1814.0,0.086262494
1815.0,0.086240768
1816.0,0.086328566
1817.0,0.086333469
1818.0,0.086294681
1819.0,0.086299315
1820.0,0.086131684
1821.0,0.086035214
1822.0,0.08600866
1823.0,0.085997701
1824.0,0.086174101
1825.0,0.086337477
1826.0,0.086421095
1827.0,0.086349048
1828.0,0.086214185
1829.0,0.086210109
1830.0,0.086242042
1831.0,0.086242042
1832.0,0.08618092
1833.0,0.086149628
1834.0,0.086119627
1835.0,0.086050202
1836.0,0.085931083
1837.0,0.085862505
1838.0,0.085826471
1839.0,0.085735619
1840.0,0.085769057
1841.0,0.085986576
1842.0,0.086037817
1843.0,0.08610774
1844.0,0.086089634
1845.0,0.085865273
1846.0,0.085795498
1847.0,0.085762908
1848.0,0.085726321
1849.0,0.085770309
1850.0,0.085986934
1851.0,0.086021709
1852.0,0.085994949
1853.0,0.086004939
1854.0,0.085959576
1855.0,0.085935071
1856.0,0.085963665
1857.0,0.085964365
1858.0,0.085949578
1859.0,0.0858955
1860.0,0.085872682
1861.0,0.085860942
1862.0,0.085838249
1863.0,0.08583671
1864.0,0.085793228
1865.0,0.08567798
1866.0,0.085635353
1867.0,0.085612178
1868.0,0.085591591
1869.0,0.085580676
1870.0,0.085647271
1871.0,0.085632096
1872.0,0.085538461
1873.0,0.085516366
1874.0,0.085529871
1875.0,0.085508398
1876.0,0.085517929
1877.0,0.085494427
1878.0,0.085434938
1879.0,0.085315274
1880.0,0.085228201
1881.0,0.085120503
1882.0,0.085043731
1883.0,0.084978379
1884.0,0.084911061
1885.0,0.084878743
1886.0,0.084809955
1887.0,0.08470518
1888.0,0.08462344
1889.0,0.084537316
1890.0,0.084433707
1891.0,0.084339738
1892.0,0.084248676
1893.0,0.084169463
1894.0,0.084093997
1895.0,0.084028327
1896.0,0.083989494
1897.0,0.083946377
1898.0,0.083852595
1899.0,0.083724971
1900.0,0.083643099
1901.0,0.083540003
1902.0,0.083467297
1903.0,0.083457213
1904.0,0.083399598
1905.0,0.083327296
1906.0,0.08324729
1907.0,0.083148081
1908.0,0.083047892
1909.0,0.082969667
1910.0,0.082872915
1911.0,0.082820259
1912.0,0.082801219
1913.0,0.082796477
1914.0,0.082828126
1915.0,0.082839516
1916.0,0.082873739
1917.0,0.082865311
1918.0,0.082813067
1919.0,0.082803458
1920.0,0.082733302
1921.0,0.082707655
1922.0,0.082709676
1923.0,0.082725854
1924.0,0.082745912
1925.0,0.082834128
1926.0,0.082850859
1927.0,0.082812033
1928.0,0.082818766
1929.0,0.082830443
1930.0,0.082832612
1931.0,0.082837028
1932.0,0.082820927
1933.0,0.082768559
1934.0,0.082729835
1935.0,0.082745601
1936.0,0.082817849
1937.0,0.082882236
1938.0,0.083035928
1939.0,0.083072187
1940.0,0.083032694
1941.0,0.083023046
1942.0,0.083020628
1943.0,0.083030867
1944.0,0.083119798
1945.0,0.083139506
1946.0,0.083125014
1947.0,0.083023807
1948.0,0.083019835
1949.0,0.083023722
1950.0,0.08305164
1951.0,0.083175058
1952.0,0.083209506
1953.0,0.083252258
1954.0,0.083327187
1955.0,0.083405226
1956.0,0.083455293
1957.0,0.083486663
1958.0,0.083513702
1959.0,0.083510631
1960.0,0.083428806
1961.0,0.083440973
1962.0,0.083482029
1963.0,0.083493691
1964.0,0.083599306
1965.0,0.083729744
1966.0,0.083805591
1967.0,0.08382121
1968.0,0.083823838
1969.0,0.083853987
1970.0,0.08389425
1971.0,0.083961654
1972.0,0.084024681
1973.0,0.084105713
1974.0,0.084154948
1975.0,0.084202434
1976.0,0.084257905
1977.0,0.084295727
1978.0,0.084294016
1979.0,0.084316539
1980.0,0.084354532
1981.0,0.08436558
1982.0,0.0844047
1983.0,0.084430698
1984.0,0.084426818
1985.0,0.084422504
1986.0,0.084409466
1987.0,0.08444103
1988.0,0.084434515
1989.0,0.084483587
1990.0,0.084597754
1991.0,0.084635001
1992.0,0.084663027
1993.0,0.0847202
1994.0,0.084752814
1995.0,0.084745941
1996.0,0.084780708
1997.0,0.084838099
1998.0,0.084871155
1999.0,0.084914381
2000.0,0.084949622
2001.0,0.085019405
2002.0,0.085088107
2003.0,0.085144697
2004.0,0.085178531
2005.0,0.08516781
2006.0,0.085116592
2007.0,0.085088068
2008.0,0.085049243
2009.0,0.085055089
2010.0,0.085080916
2011.0,0.085115683
2012.0,0.085157338
2013.0,0.085196505
2014.0,0.085244473
2015.0,0.085266405
2016.0,0.085300736
2017.0,0.085385306
2018.0,0.08544642
2019.0,0.085445433
2020.0,0.085477502
2021.0,0.085468111
2022.0,0.085462723
2023.0,0.085420291
2024.0,0.085457398
2025.0,0.085479189
2026.0,0.085514501
2027.0,0.085546889
2028.0,0.085561186
2029.0,0.085593543
2030.0,0.085606332
2031.0,0.085612341
2032.0,0.08561133
2033.0,0.085610009
2034.0,0.085643299
2035.0,0.085655987
2036.0,0.085663745
2037.0,0.085680763
2038.0,0.085681673
2039.0,0.085612644
2040.0,0.085588474
2041.0,0.085635835
2042.0,0.085677934
2043.0,0.08575511
2044.0,0.085820601
2045.0,0.085801018
2046.0,0.085798794
2047.0,0.085828282
2048.0,0.085872682
2049.0,0.085962009
2050.0,0.086017526
2051.0,0.086084759
2052.0,0.08612503
2053.0,0.086085638
2054.0,0.085964101
2055.0,0.085921808
2056.0,0.085900957
2057.0,0.085887515
2058.0,0.085967327
2059.0,0.086003626
2060.0,0.085965593
2061.0,0.085973197
2062.0,0.086006316
2063.0,0.086018568
2064.0,0.086028574
2065.0,0.086059438
2066.0,0.086040709
2067.0,0.085994413
2068.0,0.085947184
2069.0,0.085914251
2070.0,0.085912743
2071.0,0.085895492
2072.0,0.085918162
2073.0,0.085937186
2074.0,0.085922687
2075.0,0.085938982
2076.0,0.085959218
2077.0,0.085998401
2078.0,0.086034179
2079.0,0.086092969
2080.0,0.086133986
2081.0,0.086178697
2082.0,0.086212741
2083.0,0.086235932
2084.0,0.086289101
2085.0,0.086307161
2086.0,0.08627604
2087.0,0.086284568
2088.0,0.086272409
2089.0,0.086249187
2090.0,0.086255951
2091.0,0.086237712
2092.0,0.086231112
2093.0,0.086252538
2094.0,0.086304362
2095.0,0.086337489
2096.0,0.08638988
2097.0,0.086473563
2098.0,0.086460588
2099.0,0.086432491
2100.0,0.086431115
2101.0,0.086345675
2102.0,0.08631062
2103.0,0.086358355
2104.0,0.086324777
2105.0,0.086365904
2106.0,0.086434062
2107.0,0.086435834
2108.0,0.086475375
2109.0,0.086554503
2110.0,0.086594883
2111.0,0.086624161
2112.0,0.086671686
2113.0,0.086673606
2114.0,0.08662528
2115.0,0.086567151
2116.0,0.086556508
2117.0,0.086528699
2118.0,0.086552162
2119.0,0.086619527
2120.0,0.086632433
2121.0,0.08670524
2122.0,0.086820005
2123.0,0.086855114
2124.0,0.086871169
2125.0,0.086883452
2126.0,0.086827158
2127.0,0.08682624
2128.0,0.086841906
2129.0,0.086893629
2130.0,0.086987271
2131.0,0.087070558
2132.0,0.087103164
2133.0,0.087115618
2134.0,0.087093438
2135.0,0.087044809
2136.0,0.087053066
2137.0,0.087080595
2138.0,0.087062908
2139.0,0.08703691
2140.0,0.087046807
2141.0,0.087114841
2142.0,0.087127257
2143.0,0.087150432
2144.0,0.087160212
2145.0,0.087154537
2146.0,0.087049855
2147.0,0.086997176
2148.0,0.08699339
2149.0,0.086988873
2150.0,0.087039616
2151.0,0.087171765
2152.0,0.087276548
2153.0,0.087327905
2154.0,0.087373191
2155.0,0.087333651
2156.0,0.087303292
2157.0,0.087285877
2158.0,0.087240428
2159.0,0.087254119
2160.0,0.087269776
2161.0,0.087260284
2162.0,0.087232514
2163.0,0.08722694
2164.0,0.087224296
2165.0,0.087196977
2166.0,0.087161479
2167.0,0.087190983
2168.0,0.087148372
2169.0,0.087084762
2170.0,0.087077337
2171.0,0.087004235
2172.0,0.086886266
2173.0,0.086830182
2174.0,0.086806206
2175.0,0.086784982
2176.0,0.086822034
2177.0,0.086861738
2178.0,0.086898029
2179.0,0.086888925
2180.0,0.086880389
2181.0,0.086873586
2182.0,0.086884976
2183.0,0.086879534
2184.0,0.086894538
2185.0,0.086966809
2186.0,0.086939855
2187.0,0.086859219
2188.0,0.086822081
2189.0,0.086777651
2190.0,0.08672075
2191.0,0.086717073
2192.0,0.086676926
2193.0,0.086673419
2194.0,0.086704758
2195.0,0.086705248
2196.0,0.086785751
2197.0,0.086773483
2198.0,0.08674171
2199.0,0.086766238
2200.0,0.086705605
2201.0,0.086729068
2202.0,0.086861038
2203.0,0.086878298
2204.0,0.086844044
2205.0,0.086886717
2206.0,0.086926973
2207.0,0.086909286
2208.0,0.087013276
2209.0,0.087090818
2210.0,0.087006909
2211.0,0.086937779
2212.0,0.086857315
2213.0,0.086789639
2214.0,0.086797911
2215.0,0.086793005
2216.0,0.086799427
2217.0,0.086809222
2218.0,0.086841921
2219.0,0.086903525
2220.0,0.08697802
2221.0,0.087011605
2222.0,0.087021743
2223.0,0.087047764
2224.0,0.087056828
2225.0,0.087034143
2226.0,0.087073823
2227.0,0.087158401
2228.0,0.087171796
2229.0,0.087187469
2230.0,0.08719641
2231.0,0.087162412
2232.0,0.087118137
2233.0,0.087067409
2234.0,0.087069555
2235.0,0.087141188
2236.0,0.087198384
2237.0,0.087354914
2238.0,0.087458282
2239.0,0.087402819
2240.0,0.087352441
2241.0,0.087235491
2242.0,0.087092793
2243.0,0.087023228
2244.0,0.087014831
2245.0,0.087054784
2246.0,0.087102192
2247.0,0.087166486
2248.0,0.087214361
2249.0,0.087220261
2250.0,0.087165553
2251.0,0.087195803
2252.0,0.087232693
2253.0,0.087267646
2254.0,0.087368503
2255.0,0.087458445
2256.0,0.087536282
2257.0,0.087595321
2258.0,0.087692998
2259.0,0.087751531
2260.0,0.087775414
2261.0,0.08788616
2262.0,0.087989987
2263.0,0.088086335
2264.0,0.088165836
2265.0,0.088100718
2266.0,0.088010543
2267.0,0.087956829
2268.0,0.087884792
2269.0,0.087892411
2270.0,0.08803242
2271.0,0.088111073
2272.0,0.088181089
2273.0,0.088269188
2274.0,0.088217683
2275.0,0.088153537
2276.0,0.088146773
2277.0,0.088103042
2278.0,0.088092329
2279.0,0.08815754
2280.0,0.088214861
2281.0,0.088320072
2282.0,0.088406041
2283.0,0.088501316
2284.0,0.088525059
2285.0,0.08851447
2286.0,0.088524864
2287.0,0.088504286
2288.0,0.08848827
2289.0,0.088479509
2290.0,0.088356603
2291.0,0.088283252
2292.0,0.088342283
2293.0,0.088390189
2294.0,0.0885348
2295.0,0.088645904
2296.0,0.088569303
2297.0,0.088567491
2298.0,0.088538135
2299.0,0.088415378
2300.0,0.088461931
2301.0,0.088589913
2302.0,0.08863984
2303.0,0.088697308
2304.0,0.088752047
2305.0,0.088692651
2306.0,0.088676379
2307.0,0.0887716
2308.0,0.088806336
2309.0,0.088802837
2310.0,0.088880418
2311.0,0.088927188
2312.0,0.088848216
2313.0,0.088846809
2314.0,0.088870218
2315.0,0.088841421
2316.0,0.088941237
2317.0,0.089001589
2318.0,0.089029017
2319.0,0.089072227
2320.0,0.089134834
2321.0,0.089157085
2322.0,0.089178192
2323.0,0.08926371
2324.0,0.089356427
2325.0,0.089422735
2326.0,0.089565395
2327.0,0.089578915
2328.0,0.089404038
2329.0,0.089388022
2330.0,0.089411936
2331.0,0.089361963
2332.0,0.089465984
2333.0,0.089494998
2334.0,0.089381842
2335.0,0.089295881
2336.0,0.089317968
2337.0,0.089375241
2338.0,0.089379828
2339.0,0.08953359
2340.0,0.08966123
2341.0,0.089631096
2342.0,0.089666236
2343.0,0.089706026
2344.0,0.089662808
2345.0,0.089693392
2346.0,0.089838346
2347.0,0.089957449
2348.0,0.090062271
2349.0,0.090152967
2350.0,0.090207838
2351.0,0.090299638
2352.0,0.090404421
2353.0,0.090452553
2354.0,0.090464751
2355.0,0.090379839
2356.0,0.090321484
2357.0,0.090368527
2358.0,0.090308804
2359.0,0.090263301
2360.0,0.090182494
2361.0,0.090012997
2362.0,0.089965076
2363.0,0.089965744
2364.0,0.090072129
2365.0,0.090216064
2366.0,0.090202334
2367.0,0.090198066
2368.0,0.090222757
2369.0,0.090128291
2370.0,0.090110013
2371.0,0.090257416
2372.0,0.090292719
2373.0,0.090204939
2374.0,0.09015334
2375.0,0.090161581
2376.0,0.09022348
2377.0,0.090368885
2378.0,0.09057758
2379.0,0.090692408
2380.0,0.090672715
2381.0,0.090640242
2382.0,0.090620331
2383.0,0.090668805
2384.0,0.090700959
2385.0,0.090657112
2386.0,0.090550712
2387.0,0.09057943
2388.0,0.090606734
2389.0,0.090555703
2390.0,0.090575776
2391.0,0.090581561
2392.0,0.090445524
2393.0,0.090354214
2394.0,0.090476879
2395.0,0.090531649
2396.0,0.090396872
2397.0,0.090468008
2398.0,0.090638469
2399.0,0.090551614
2400.0,0.090509562
2401.0,0.090380119
2402.0,0.089983431
2403.0,0.089895588
2404.0,0.090170863
2405.0,0.090558626
2406.0,0.0909482
2407.0,0.091195542
2408.0,0.091300038
2409.0,0.091191787
2410.0,0.091187239
2411.0,0.091338777
2412.0,0.09125406
2413.0,0.091301857
2414.0,0.091388051
2415.0,0.09152118
2416.0,0.092010693
2417.0,0.092071878
2418.0,0.091824614
2419.0,0.091551508
2420.0,0.090877663
2421.0,0.090608343
2422.0,0.090880213
2423.0,0.090969347
2424.0,0.091035716
2425.0,0.091216611
2426.0,0.091187332
2427.0,0.091054624
2428.0,0.091069317
2429.0,0.091028222
2430.0,0.090730409
2431.0,0.090696256
2432.0,0.090853757
2433.0,0.090906739
2434.0,0.091075685
2435.0,0.091226515
2436.0,0.091384281
2437.0,0.091431907
2438.0,0.091367076
2439.0,0.091365925
2440.0,0.091262651
2441.0,0.09124868
2442.0,0.091439331
2443.0,0.091443366
2444.0,0.091279793
2445.0,0.091202384
2446.0,0.091161063
2447.0,0.091048148
2448.0,0.09085406
2449.0,0.090817482
2450.0,0.090740088
2451.0,0.090767679
2452.0,0.091070064
2453.0,0.091280407
2454.0,0.091491505
2455.0,0.091582317
2456.0,0.091582605
2457.0,0.091639498
2458.0,0.091664267
2459.0,0.091566209
2460.0,0.091456131
2461.0,0.091404789
2462.0,0.091209738
2463.0,0.091061006
2464.0,0.090942354
2465.0,0.090994683
2466.0,0.091088225
2467.0,0.091272726
2468.0,0.091878063
2469.0,0.091998838
2470.0,0.091719154
2471.0,0.091741988
2472.0,0.091786418
2473.0,0.091748798
2474.0,0.09176769
2475.0,0.09187269
2476.0,0.091926676
2477.0,0.091904612
2478.0,0.092098
2479.0,0.092005275
2480.0,0.091473328
2481.0,0.091341032
2482.0,0.091347104
2483.0,0.091363064
2484.0,0.091547193
2485.0,0.091648656
2486.0,0.091769898
2487.0,0.091751542
2488.0,0.091627378
2489.0,0.091665768
2490.0,0.091646682
2491.0,0.091715446
2492.0,0.092064173
2493.0,0.092032936
2494.0,0.091735558
2495.0,0.091725319
2496.0,0.091683244
2497.0,0.0916965
2498.0,0.091806352
2499.0,0.092293463
2500.0,0.09256332